"";"Gr";"Parametr";"Test";"PValue";"wspolczynnik";"direction_strength"
"1";"CHOR1";"ERY   HGB";"SPEARMAN";0,000575020227844633;0,6397;"Strong positive corelation"
"2";"CHOR1";"ERY   HCT";"SPEARMAN";0,0010689638173705;0,615;"Strong positive corelation"
"3";"CHOR1";"HGB   HCT";"SPEARMAN";4,79836614342389e-15;0,9663;"Very strong positive corelation"
"4";"CHOR1";"HGB   MCHC";"SPEARMAN";0,00413899327760412;0,553;"Strong positive corelation"
"5";"CHOR1";"HCT   MCHC";"SPEARMAN";0,0378334611214229;0,4175;"Medium positive corelation"
"6";"CHOR1";"ERY   HGB";"SPEARMAN";0,000575020227844633;0,6397;"Strong positive corelation"
"7";"CHOR1";"ERY   HCT";"SPEARMAN";0,0010689638173705;0,615;"Strong positive corelation"
"8";"CHOR1";"HGB   HCT";"SPEARMAN";4,79836614342389e-15;0,9663;"Very strong positive corelation"
"9";"CHOR1";"HGB   MCHC";"SPEARMAN";0,00413899327760412;0,553;"Strong positive corelation"
"10";"CHOR1";"HCT   MCHC";"SPEARMAN";0,0378334611214229;0,4175;"Medium positive corelation"
"11";"CHOR1";"ERY   HGB";"SPEARMAN";0,000575020227844633;0,6397;"Strong positive corelation"
"12";"CHOR1";"ERY   HCT";"SPEARMAN";0,0010689638173705;0,615;"Strong positive corelation"
"13";"CHOR1";"HGB   HCT";"SPEARMAN";4,79836614342389e-15;0,9663;"Very strong positive corelation"
"14";"CHOR1";"HGB   MCHC";"SPEARMAN";0,00413899327760412;0,553;"Strong positive corelation"
"15";"CHOR1";"HCT   MCHC";"SPEARMAN";0,0378334611214229;0,4175;"Medium positive corelation"
"16";"CHOR1";"ERY   HGB";"SPEARMAN";0,000575020227844633;0,6397;"Strong positive corelation"
"17";"CHOR1";"ERY   HCT";"SPEARMAN";0,0010689638173705;0,615;"Strong positive corelation"
"18";"CHOR1";"HGB   HCT";"SPEARMAN";4,79836614342389e-15;0,9663;"Very strong positive corelation"
"19";"CHOR1";"HGB   MCHC";"SPEARMAN";0,00413899327760412;0,553;"Strong positive corelation"
"20";"CHOR1";"HCT   MCHC";"SPEARMAN";0,0378334611214229;0,4175;"Medium positive corelation"
"21";"CHOR1";"ERY   HGB";"SPEARMAN";0,000575020227844633;0,6397;"Strong positive corelation"
"22";"CHOR1";"ERY   HCT";"SPEARMAN";0,0010689638173705;0,615;"Strong positive corelation"
"23";"CHOR1";"HGB   HCT";"SPEARMAN";4,79836614342389e-15;0,9663;"Very strong positive corelation"
"24";"CHOR1";"HGB   MCHC";"SPEARMAN";0,00413899327760412;0,553;"Strong positive corelation"
"25";"CHOR1";"HCT   MCHC";"SPEARMAN";0,0378334611214229;0,4175;"Medium positive corelation"
"26";"CHOR1";"ERY   HGB";"SPEARMAN";0,000575020227844633;0,6397;"Strong positive corelation"
"27";"CHOR1";"ERY   HCT";"SPEARMAN";0,0010689638173705;0,615;"Strong positive corelation"
"28";"CHOR1";"HGB   HCT";"SPEARMAN";4,79836614342389e-15;0,9663;"Very strong positive corelation"
"29";"CHOR1";"HGB   MCHC";"SPEARMAN";0,00413899327760412;0,553;"Strong positive corelation"
"30";"CHOR1";"HCT   MCHC";"SPEARMAN";0,0378334611214229;0,4175;"Medium positive corelation"
"31";"CHOR1";"ERY   HGB";"SPEARMAN";0,000575020227844633;0,6397;"Strong positive corelation"
"32";"CHOR1";"ERY   HCT";"SPEARMAN";0,0010689638173705;0,615;"Strong positive corelation"
"33";"CHOR1";"HGB   HCT";"SPEARMAN";4,79836614342389e-15;0,9663;"Very strong positive corelation"
"34";"CHOR1";"HGB   MCHC";"SPEARMAN";0,00413899327760412;0,553;"Strong positive corelation"
"35";"CHOR1";"HCT   MCHC";"SPEARMAN";0,0378334611214229;0,4175;"Medium positive corelation"
"36";"CHOR1";"ERY   HGB";"SPEARMAN";0,000575020227844633;0,6397;"Strong positive corelation"
"37";"CHOR1";"ERY   HCT";"SPEARMAN";0,0010689638173705;0,615;"Strong positive corelation"
"38";"CHOR1";"HGB   HCT";"SPEARMAN";4,79836614342389e-15;0,9663;"Very strong positive corelation"
"39";"CHOR1";"HGB   MCHC";"SPEARMAN";0,00413899327760412;0,553;"Strong positive corelation"
"40";"CHOR1";"HCT   MCHC";"SPEARMAN";0,0378334611214229;0,4175;"Medium positive corelation"
"41";"CHOR1";"ERY   HGB";"SPEARMAN";0,000575020227844633;0,6397;"Strong positive corelation"
"42";"CHOR1";"ERY   HCT";"SPEARMAN";0,0010689638173705;0,615;"Strong positive corelation"
"43";"CHOR1";"HGB   HCT";"SPEARMAN";4,79836614342389e-15;0,9663;"Very strong positive corelation"
"44";"CHOR1";"HGB   MCHC";"SPEARMAN";0,00413899327760412;0,553;"Strong positive corelation"
"45";"CHOR1";"HCT   MCHC";"SPEARMAN";0,0378334611214229;0,4175;"Medium positive corelation"
"46";"CHOR1";"ERY   HGB";"SPEARMAN";0,000575020227844633;0,6397;"Strong positive corelation"
"47";"CHOR1";"ERY   HCT";"SPEARMAN";0,0010689638173705;0,615;"Strong positive corelation"
"48";"CHOR1";"HGB   HCT";"SPEARMAN";4,79836614342389e-15;0,9663;"Very strong positive corelation"
"49";"CHOR1";"HGB   MCHC";"SPEARMAN";0,00413899327760412;0,553;"Strong positive corelation"
"50";"CHOR1";"HCT   MCHC";"SPEARMAN";0,0378334611214229;0,4175;"Medium positive corelation"
"51";"CHOR1";"ERY   HGB";"SPEARMAN";0,000575020227844633;0,6397;"Strong positive corelation"
"52";"CHOR1";"ERY   HCT";"SPEARMAN";0,0010689638173705;0,615;"Strong positive corelation"
"53";"CHOR1";"HGB   HCT";"SPEARMAN";4,79836614342389e-15;0,9663;"Very strong positive corelation"
"54";"CHOR1";"HGB   MCHC";"SPEARMAN";0,00413899327760412;0,553;"Strong positive corelation"
"55";"CHOR1";"HCT   MCHC";"SPEARMAN";0,0378334611214229;0,4175;"Medium positive corelation"
"56";"CHOR1";"ERY   HGB";"SPEARMAN";0,000575020227844633;0,6397;"Strong positive corelation"
"57";"CHOR1";"ERY   HCT";"SPEARMAN";0,0010689638173705;0,615;"Strong positive corelation"
"58";"CHOR1";"HGB   HCT";"SPEARMAN";4,79836614342389e-15;0,9663;"Very strong positive corelation"
"59";"CHOR1";"HGB   MCHC";"SPEARMAN";0,00413899327760412;0,553;"Strong positive corelation"
"60";"CHOR1";"HCT   MCHC";"SPEARMAN";0,0378334611214229;0,4175;"Medium positive corelation"
"61";"CHOR1";"ERY   HGB";"SPEARMAN";0,000575020227844633;0,6397;"Strong positive corelation"
"62";"CHOR1";"ERY   HCT";"SPEARMAN";0,0010689638173705;0,615;"Strong positive corelation"
"63";"CHOR1";"HGB   HCT";"SPEARMAN";4,79836614342389e-15;0,9663;"Very strong positive corelation"
"64";"CHOR1";"HGB   MCHC";"SPEARMAN";0,00413899327760412;0,553;"Strong positive corelation"
"65";"CHOR1";"HCT   MCHC";"SPEARMAN";0,0378334611214229;0,4175;"Medium positive corelation"
"66";"CHOR1";"ERY   HGB";"SPEARMAN";0,000575020227844633;0,6397;"Strong positive corelation"
"67";"CHOR1";"ERY   HCT";"SPEARMAN";0,0010689638173705;0,615;"Strong positive corelation"
"68";"CHOR1";"HGB   HCT";"SPEARMAN";4,79836614342389e-15;0,9663;"Very strong positive corelation"
"69";"CHOR1";"HGB   MCHC";"SPEARMAN";0,00413899327760412;0,553;"Strong positive corelation"
"70";"CHOR1";"HCT   MCHC";"SPEARMAN";0,0378334611214229;0,4175;"Medium positive corelation"
"71";"CHOR1";"ERY   HGB";"SPEARMAN";0,000575020227844633;0,6397;"Strong positive corelation"
"72";"CHOR1";"ERY   HCT";"SPEARMAN";0,0010689638173705;0,615;"Strong positive corelation"
"73";"CHOR1";"HGB   HCT";"SPEARMAN";4,79836614342389e-15;0,9663;"Very strong positive corelation"
"74";"CHOR1";"HGB   MCHC";"SPEARMAN";0,00413899327760412;0,553;"Strong positive corelation"
"75";"CHOR1";"HCT   MCHC";"SPEARMAN";0,0378334611214229;0,4175;"Medium positive corelation"
"76";"CHOR1";"ERY   HGB";"SPEARMAN";0,000575020227844633;0,6397;"Strong positive corelation"
"77";"CHOR1";"ERY   HCT";"SPEARMAN";0,0010689638173705;0,615;"Strong positive corelation"
"78";"CHOR1";"HGB   HCT";"SPEARMAN";4,79836614342389e-15;0,9663;"Very strong positive corelation"
"79";"CHOR1";"HGB   MCHC";"SPEARMAN";0,00413899327760412;0,553;"Strong positive corelation"
"80";"CHOR1";"HCT   MCHC";"SPEARMAN";0,0378334611214229;0,4175;"Medium positive corelation"
"81";"CHOR1";"ERY   HGB";"SPEARMAN";0,000575020227844633;0,6397;"Strong positive corelation"
"82";"CHOR1";"ERY   HCT";"SPEARMAN";0,0010689638173705;0,615;"Strong positive corelation"
"83";"CHOR1";"HGB   HCT";"SPEARMAN";4,79836614342389e-15;0,9663;"Very strong positive corelation"
"84";"CHOR1";"HGB   MCHC";"SPEARMAN";0,00413899327760412;0,553;"Strong positive corelation"
"85";"CHOR1";"HCT   MCHC";"SPEARMAN";0,0378334611214229;0,4175;"Medium positive corelation"
"86";"CHOR1";"ERY   HGB";"SPEARMAN";0,000575020227844633;0,6397;"Strong positive corelation"
"87";"CHOR1";"ERY   HCT";"SPEARMAN";0,0010689638173705;0,615;"Strong positive corelation"
"88";"CHOR1";"HGB   HCT";"SPEARMAN";4,79836614342389e-15;0,9663;"Very strong positive corelation"
"89";"CHOR1";"HGB   MCHC";"SPEARMAN";0,00413899327760412;0,553;"Strong positive corelation"
"90";"CHOR1";"HCT   MCHC";"SPEARMAN";0,0378334611214229;0,4175;"Medium positive corelation"
"91";"CHOR1";"ERY   HGB";"SPEARMAN";0,000575020227844633;0,6397;"Strong positive corelation"
"92";"CHOR1";"ERY   HCT";"SPEARMAN";0,0010689638173705;0,615;"Strong positive corelation"
"93";"CHOR1";"HGB   HCT";"SPEARMAN";4,79836614342389e-15;0,9663;"Very strong positive corelation"
"94";"CHOR1";"HGB   MCHC";"SPEARMAN";0,00413899327760412;0,553;"Strong positive corelation"
"95";"CHOR1";"HCT   MCHC";"SPEARMAN";0,0378334611214229;0,4175;"Medium positive corelation"
"96";"CHOR1";"ERY   HGB";"SPEARMAN";0,000575020227844633;0,6397;"Strong positive corelation"
"97";"CHOR1";"ERY   HCT";"SPEARMAN";0,0010689638173705;0,615;"Strong positive corelation"
"98";"CHOR1";"HGB   HCT";"SPEARMAN";4,79836614342389e-15;0,9663;"Very strong positive corelation"
"99";"CHOR1";"HGB   MCHC";"SPEARMAN";0,00413899327760412;0,553;"Strong positive corelation"
"100";"CHOR1";"HCT   MCHC";"SPEARMAN";0,0378334611214229;0,4175;"Medium positive corelation"
"101";"CHOR1";"ERY   HGB";"SPEARMAN";0,000575020227844633;0,6397;"Strong positive corelation"
"102";"CHOR1";"ERY   HCT";"SPEARMAN";0,0010689638173705;0,615;"Strong positive corelation"
"103";"CHOR1";"HGB   HCT";"SPEARMAN";4,79836614342389e-15;0,9663;"Very strong positive corelation"
"104";"CHOR1";"HGB   MCHC";"SPEARMAN";0,00413899327760412;0,553;"Strong positive corelation"
"105";"CHOR1";"HCT   MCHC";"SPEARMAN";0,0378334611214229;0,4175;"Medium positive corelation"
"106";"CHOR1";"ERY   HGB";"SPEARMAN";0,000575020227844633;0,6397;"Strong positive corelation"
"107";"CHOR1";"ERY   HCT";"SPEARMAN";0,0010689638173705;0,615;"Strong positive corelation"
"108";"CHOR1";"HGB   HCT";"SPEARMAN";4,79836614342389e-15;0,9663;"Very strong positive corelation"
"109";"CHOR1";"HGB   MCHC";"SPEARMAN";0,00413899327760412;0,553;"Strong positive corelation"
"110";"CHOR1";"HCT   MCHC";"SPEARMAN";0,0378334611214229;0,4175;"Medium positive corelation"
"111";"CHOR1";"ERY   HGB";"SPEARMAN";0,000575020227844633;0,6397;"Strong positive corelation"
"112";"CHOR1";"ERY   HCT";"SPEARMAN";0,0010689638173705;0,615;"Strong positive corelation"
"113";"CHOR1";"HGB   HCT";"SPEARMAN";4,79836614342389e-15;0,9663;"Very strong positive corelation"
"114";"CHOR1";"HGB   MCHC";"SPEARMAN";0,00413899327760412;0,553;"Strong positive corelation"
"115";"CHOR1";"HCT   MCHC";"SPEARMAN";0,0378334611214229;0,4175;"Medium positive corelation"
"116";"CHOR1";"ERY   HGB";"SPEARMAN";0,000575020227844633;0,6397;"Strong positive corelation"
"117";"CHOR1";"ERY   HCT";"SPEARMAN";0,0010689638173705;0,615;"Strong positive corelation"
"118";"CHOR1";"HGB   HCT";"SPEARMAN";4,79836614342389e-15;0,9663;"Very strong positive corelation"
"119";"CHOR1";"HGB   MCHC";"SPEARMAN";0,00413899327760412;0,553;"Strong positive corelation"
"120";"CHOR1";"HCT   MCHC";"SPEARMAN";0,0378334611214229;0,4175;"Medium positive corelation"
"121";"CHOR1";"ERY   HGB";"SPEARMAN";0,000575020227844633;0,6397;"Strong positive corelation"
"122";"CHOR1";"ERY   HCT";"SPEARMAN";0,0010689638173705;0,615;"Strong positive corelation"
"123";"CHOR1";"HGB   HCT";"SPEARMAN";4,79836614342389e-15;0,9663;"Very strong positive corelation"
"124";"CHOR1";"HGB   MCHC";"SPEARMAN";0,00413899327760412;0,553;"Strong positive corelation"
"125";"CHOR1";"HCT   MCHC";"SPEARMAN";0,0378334611214229;0,4175;"Medium positive corelation"
"126";"CHOR2";"ERY   HGB";"SPEARMAN";5,08515255680143e-09;0,8831;"Very strong positive corelation"
"127";"CHOR2";"ERY   HCT";"SPEARMAN";1,49386813661715e-05;0,7514;"Very strong positive corelation"
"128";"CHOR2";"PLT   MCHC";"SPEARMAN";0,00779894485526622;-0,5194;"Strong negative corelation"
"129";"CHOR2";"HGB   HCT";"SPEARMAN";2,64876689268217e-05;0,737;"Very strong positive corelation"
"130";"CHOR2";"ERY   HGB";"SPEARMAN";5,08515255680143e-09;0,8831;"Very strong positive corelation"
"131";"CHOR2";"ERY   HCT";"SPEARMAN";1,49386813661715e-05;0,7514;"Very strong positive corelation"
"132";"CHOR2";"PLT   MCHC";"SPEARMAN";0,00779894485526622;-0,5194;"Strong negative corelation"
"133";"CHOR2";"HGB   HCT";"SPEARMAN";2,64876689268217e-05;0,737;"Very strong positive corelation"
"134";"CHOR2";"ERY   HGB";"SPEARMAN";5,08515255680143e-09;0,8831;"Very strong positive corelation"
"135";"CHOR2";"ERY   HCT";"SPEARMAN";1,49386813661715e-05;0,7514;"Very strong positive corelation"
"136";"CHOR2";"PLT   MCHC";"SPEARMAN";0,00779894485526622;-0,5194;"Strong negative corelation"
"137";"CHOR2";"HGB   HCT";"SPEARMAN";2,64876689268217e-05;0,737;"Very strong positive corelation"
"138";"CHOR2";"ERY   HGB";"SPEARMAN";5,08515255680143e-09;0,8831;"Very strong positive corelation"
"139";"CHOR2";"ERY   HCT";"SPEARMAN";1,49386813661715e-05;0,7514;"Very strong positive corelation"
"140";"CHOR2";"PLT   MCHC";"SPEARMAN";0,00779894485526622;-0,5194;"Strong negative corelation"
"141";"CHOR2";"HGB   HCT";"SPEARMAN";2,64876689268217e-05;0,737;"Very strong positive corelation"
"142";"CHOR2";"ERY   HGB";"SPEARMAN";5,08515255680143e-09;0,8831;"Very strong positive corelation"
"143";"CHOR2";"ERY   HCT";"SPEARMAN";1,49386813661715e-05;0,7514;"Very strong positive corelation"
"144";"CHOR2";"PLT   MCHC";"SPEARMAN";0,00779894485526622;-0,5194;"Strong negative corelation"
"145";"CHOR2";"HGB   HCT";"SPEARMAN";2,64876689268217e-05;0,737;"Very strong positive corelation"
"146";"CHOR2";"ERY   HGB";"SPEARMAN";5,08515255680143e-09;0,8831;"Very strong positive corelation"
"147";"CHOR2";"ERY   HCT";"SPEARMAN";1,49386813661715e-05;0,7514;"Very strong positive corelation"
"148";"CHOR2";"PLT   MCHC";"SPEARMAN";0,00779894485526622;-0,5194;"Strong negative corelation"
"149";"CHOR2";"HGB   HCT";"SPEARMAN";2,64876689268217e-05;0,737;"Very strong positive corelation"
"150";"CHOR2";"ERY   HGB";"SPEARMAN";5,08515255680143e-09;0,8831;"Very strong positive corelation"
"151";"CHOR2";"ERY   HCT";"SPEARMAN";1,49386813661715e-05;0,7514;"Very strong positive corelation"
"152";"CHOR2";"PLT   MCHC";"SPEARMAN";0,00779894485526622;-0,5194;"Strong negative corelation"
"153";"CHOR2";"HGB   HCT";"SPEARMAN";2,64876689268217e-05;0,737;"Very strong positive corelation"
"154";"CHOR2";"ERY   HGB";"SPEARMAN";5,08515255680143e-09;0,8831;"Very strong positive corelation"
"155";"CHOR2";"ERY   HCT";"SPEARMAN";1,49386813661715e-05;0,7514;"Very strong positive corelation"
"156";"CHOR2";"PLT   MCHC";"SPEARMAN";0,00779894485526622;-0,5194;"Strong negative corelation"
"157";"CHOR2";"HGB   HCT";"SPEARMAN";2,64876689268217e-05;0,737;"Very strong positive corelation"
"158";"CHOR2";"ERY   HGB";"SPEARMAN";5,08515255680143e-09;0,8831;"Very strong positive corelation"
"159";"CHOR2";"ERY   HCT";"SPEARMAN";1,49386813661715e-05;0,7514;"Very strong positive corelation"
"160";"CHOR2";"PLT   MCHC";"SPEARMAN";0,00779894485526622;-0,5194;"Strong negative corelation"
"161";"CHOR2";"HGB   HCT";"SPEARMAN";2,64876689268217e-05;0,737;"Very strong positive corelation"
"162";"CHOR2";"ERY   HGB";"SPEARMAN";5,08515255680143e-09;0,8831;"Very strong positive corelation"
"163";"CHOR2";"ERY   HCT";"SPEARMAN";1,49386813661715e-05;0,7514;"Very strong positive corelation"
"164";"CHOR2";"PLT   MCHC";"SPEARMAN";0,00779894485526622;-0,5194;"Strong negative corelation"
"165";"CHOR2";"HGB   HCT";"SPEARMAN";2,64876689268217e-05;0,737;"Very strong positive corelation"
"166";"CHOR2";"ERY   HGB";"SPEARMAN";5,08515255680143e-09;0,8831;"Very strong positive corelation"
"167";"CHOR2";"ERY   HCT";"SPEARMAN";1,49386813661715e-05;0,7514;"Very strong positive corelation"
"168";"CHOR2";"PLT   MCHC";"SPEARMAN";0,00779894485526622;-0,5194;"Strong negative corelation"
"169";"CHOR2";"HGB   HCT";"SPEARMAN";2,64876689268217e-05;0,737;"Very strong positive corelation"
"170";"CHOR2";"ERY   HGB";"SPEARMAN";5,08515255680143e-09;0,8831;"Very strong positive corelation"
"171";"CHOR2";"ERY   HCT";"SPEARMAN";1,49386813661715e-05;0,7514;"Very strong positive corelation"
"172";"CHOR2";"PLT   MCHC";"SPEARMAN";0,00779894485526622;-0,5194;"Strong negative corelation"
"173";"CHOR2";"HGB   HCT";"SPEARMAN";2,64876689268217e-05;0,737;"Very strong positive corelation"
"174";"CHOR2";"ERY   HGB";"SPEARMAN";5,08515255680143e-09;0,8831;"Very strong positive corelation"
"175";"CHOR2";"ERY   HCT";"SPEARMAN";1,49386813661715e-05;0,7514;"Very strong positive corelation"
"176";"CHOR2";"PLT   MCHC";"SPEARMAN";0,00779894485526622;-0,5194;"Strong negative corelation"
"177";"CHOR2";"HGB   HCT";"SPEARMAN";2,64876689268217e-05;0,737;"Very strong positive corelation"
"178";"CHOR2";"ERY   HGB";"SPEARMAN";5,08515255680143e-09;0,8831;"Very strong positive corelation"
"179";"CHOR2";"ERY   HCT";"SPEARMAN";1,49386813661715e-05;0,7514;"Very strong positive corelation"
"180";"CHOR2";"PLT   MCHC";"SPEARMAN";0,00779894485526622;-0,5194;"Strong negative corelation"
"181";"CHOR2";"HGB   HCT";"SPEARMAN";2,64876689268217e-05;0,737;"Very strong positive corelation"
"182";"CHOR2";"ERY   HGB";"SPEARMAN";5,08515255680143e-09;0,8831;"Very strong positive corelation"
"183";"CHOR2";"ERY   HCT";"SPEARMAN";1,49386813661715e-05;0,7514;"Very strong positive corelation"
"184";"CHOR2";"PLT   MCHC";"SPEARMAN";0,00779894485526622;-0,5194;"Strong negative corelation"
"185";"CHOR2";"HGB   HCT";"SPEARMAN";2,64876689268217e-05;0,737;"Very strong positive corelation"
"186";"CHOR2";"ERY   HGB";"SPEARMAN";5,08515255680143e-09;0,8831;"Very strong positive corelation"
"187";"CHOR2";"ERY   HCT";"SPEARMAN";1,49386813661715e-05;0,7514;"Very strong positive corelation"
"188";"CHOR2";"PLT   MCHC";"SPEARMAN";0,00779894485526622;-0,5194;"Strong negative corelation"
"189";"CHOR2";"HGB   HCT";"SPEARMAN";2,64876689268217e-05;0,737;"Very strong positive corelation"
"190";"CHOR2";"ERY   HGB";"SPEARMAN";5,08515255680143e-09;0,8831;"Very strong positive corelation"
"191";"CHOR2";"ERY   HCT";"SPEARMAN";1,49386813661715e-05;0,7514;"Very strong positive corelation"
"192";"CHOR2";"PLT   MCHC";"SPEARMAN";0,00779894485526622;-0,5194;"Strong negative corelation"
"193";"CHOR2";"HGB   HCT";"SPEARMAN";2,64876689268217e-05;0,737;"Very strong positive corelation"
"194";"CHOR2";"ERY   HGB";"SPEARMAN";5,08515255680143e-09;0,8831;"Very strong positive corelation"
"195";"CHOR2";"ERY   HCT";"SPEARMAN";1,49386813661715e-05;0,7514;"Very strong positive corelation"
"196";"CHOR2";"PLT   MCHC";"SPEARMAN";0,00779894485526622;-0,5194;"Strong negative corelation"
"197";"CHOR2";"HGB   HCT";"SPEARMAN";2,64876689268217e-05;0,737;"Very strong positive corelation"
"198";"CHOR2";"ERY   HGB";"SPEARMAN";5,08515255680143e-09;0,8831;"Very strong positive corelation"
"199";"CHOR2";"ERY   HCT";"SPEARMAN";1,49386813661715e-05;0,7514;"Very strong positive corelation"
"200";"CHOR2";"PLT   MCHC";"SPEARMAN";0,00779894485526622;-0,5194;"Strong negative corelation"
"201";"CHOR2";"HGB   HCT";"SPEARMAN";2,64876689268217e-05;0,737;"Very strong positive corelation"
"202";"CHOR2";"ERY   HGB";"SPEARMAN";5,08515255680143e-09;0,8831;"Very strong positive corelation"
"203";"CHOR2";"ERY   HCT";"SPEARMAN";1,49386813661715e-05;0,7514;"Very strong positive corelation"
"204";"CHOR2";"PLT   MCHC";"SPEARMAN";0,00779894485526622;-0,5194;"Strong negative corelation"
"205";"CHOR2";"HGB   HCT";"SPEARMAN";2,64876689268217e-05;0,737;"Very strong positive corelation"
"206";"CHOR2";"ERY   HGB";"SPEARMAN";5,08515255680143e-09;0,8831;"Very strong positive corelation"
"207";"CHOR2";"ERY   HCT";"SPEARMAN";1,49386813661715e-05;0,7514;"Very strong positive corelation"
"208";"CHOR2";"PLT   MCHC";"SPEARMAN";0,00779894485526622;-0,5194;"Strong negative corelation"
"209";"CHOR2";"HGB   HCT";"SPEARMAN";2,64876689268217e-05;0,737;"Very strong positive corelation"
"210";"CHOR2";"ERY   HGB";"SPEARMAN";5,08515255680143e-09;0,8831;"Very strong positive corelation"
"211";"CHOR2";"ERY   HCT";"SPEARMAN";1,49386813661715e-05;0,7514;"Very strong positive corelation"
"212";"CHOR2";"PLT   MCHC";"SPEARMAN";0,00779894485526622;-0,5194;"Strong negative corelation"
"213";"CHOR2";"HGB   HCT";"SPEARMAN";2,64876689268217e-05;0,737;"Very strong positive corelation"
"214";"CHOR2";"ERY   HGB";"SPEARMAN";5,08515255680143e-09;0,8831;"Very strong positive corelation"
"215";"CHOR2";"ERY   HCT";"SPEARMAN";1,49386813661715e-05;0,7514;"Very strong positive corelation"
"216";"CHOR2";"PLT   MCHC";"SPEARMAN";0,00779894485526622;-0,5194;"Strong negative corelation"
"217";"CHOR2";"HGB   HCT";"SPEARMAN";2,64876689268217e-05;0,737;"Very strong positive corelation"
"218";"CHOR2";"ERY   HGB";"SPEARMAN";5,08515255680143e-09;0,8831;"Very strong positive corelation"
"219";"CHOR2";"ERY   HCT";"SPEARMAN";1,49386813661715e-05;0,7514;"Very strong positive corelation"
"220";"CHOR2";"PLT   MCHC";"SPEARMAN";0,00779894485526622;-0,5194;"Strong negative corelation"
"221";"CHOR2";"HGB   HCT";"SPEARMAN";2,64876689268217e-05;0,737;"Very strong positive corelation"
"222";"CHOR2";"ERY   HGB";"SPEARMAN";5,08515255680143e-09;0,8831;"Very strong positive corelation"
"223";"CHOR2";"ERY   HCT";"SPEARMAN";1,49386813661715e-05;0,7514;"Very strong positive corelation"
"224";"CHOR2";"PLT   MCHC";"SPEARMAN";0,00779894485526622;-0,5194;"Strong negative corelation"
"225";"CHOR2";"HGB   HCT";"SPEARMAN";2,64876689268217e-05;0,737;"Very strong positive corelation"
"226";"KONTROLA";"wiek   ERY";"SPEARMAN";0,00333238139817019;0,5638;"Strong positive corelation"
"227";"KONTROLA";"wiek   MCHC";"SPEARMAN";0,0426635262753834;-0,4084;"Middle negative corelation"
"228";"KONTROLA";"wiek   LEU";"SPEARMAN";0,00833518236549426;-0,5156;"Strong negative corelation"
"229";"KONTROLA";"hsCRP   LEU";"SPEARMAN";0,0350910111033194;0,4254;"Medium positive corelation"
"230";"KONTROLA";"ERY   PLT";"SPEARMAN";0,0225324670621139;0,4543;"Medium positive corelation"
"231";"KONTROLA";"ERY   HGB";"SPEARMAN";0,0189203505726709;0,4659;"Medium positive corelation"
"232";"KONTROLA";"ERY   HCT";"SPEARMAN";0,000191622089933282;0,6787;"Strong positive corelation"
"233";"KONTROLA";"ERY   MCHC";"SPEARMAN";0,00907403764088521;-0,5108;"Strong negative corelation"
"234";"KONTROLA";"HGB   HCT";"SPEARMAN";1,10141990835553e-10;0,9175;"Very strong positive corelation"
"235";"KONTROLA";"wiek   ERY";"SPEARMAN";0,00333238139817019;0,5638;"Strong positive corelation"
"236";"KONTROLA";"wiek   MCHC";"SPEARMAN";0,0426635262753834;-0,4084;"Middle negative corelation"
"237";"KONTROLA";"wiek   LEU";"SPEARMAN";0,00833518236549426;-0,5156;"Strong negative corelation"
"238";"KONTROLA";"hsCRP   LEU";"SPEARMAN";0,0350910111033194;0,4254;"Medium positive corelation"
"239";"KONTROLA";"ERY   PLT";"SPEARMAN";0,0225324670621139;0,4543;"Medium positive corelation"
"240";"KONTROLA";"ERY   HGB";"SPEARMAN";0,0189203505726709;0,4659;"Medium positive corelation"
"241";"KONTROLA";"ERY   HCT";"SPEARMAN";0,000191622089933282;0,6787;"Strong positive corelation"
"242";"KONTROLA";"ERY   MCHC";"SPEARMAN";0,00907403764088521;-0,5108;"Strong negative corelation"
"243";"KONTROLA";"HGB   HCT";"SPEARMAN";1,10141990835553e-10;0,9175;"Very strong positive corelation"
"244";"KONTROLA";"wiek   ERY";"SPEARMAN";0,00333238139817019;0,5638;"Strong positive corelation"
"245";"KONTROLA";"wiek   MCHC";"SPEARMAN";0,0426635262753834;-0,4084;"Middle negative corelation"
"246";"KONTROLA";"wiek   LEU";"SPEARMAN";0,00833518236549426;-0,5156;"Strong negative corelation"
"247";"KONTROLA";"hsCRP   LEU";"SPEARMAN";0,0350910111033194;0,4254;"Medium positive corelation"
"248";"KONTROLA";"ERY   PLT";"SPEARMAN";0,0225324670621139;0,4543;"Medium positive corelation"
"249";"KONTROLA";"ERY   HGB";"SPEARMAN";0,0189203505726709;0,4659;"Medium positive corelation"
"250";"KONTROLA";"ERY   HCT";"SPEARMAN";0,000191622089933282;0,6787;"Strong positive corelation"
"251";"KONTROLA";"ERY   MCHC";"SPEARMAN";0,00907403764088521;-0,5108;"Strong negative corelation"
"252";"KONTROLA";"HGB   HCT";"SPEARMAN";1,10141990835553e-10;0,9175;"Very strong positive corelation"
"253";"KONTROLA";"wiek   ERY";"SPEARMAN";0,00333238139817019;0,5638;"Strong positive corelation"
"254";"KONTROLA";"wiek   MCHC";"SPEARMAN";0,0426635262753834;-0,4084;"Middle negative corelation"
"255";"KONTROLA";"wiek   LEU";"SPEARMAN";0,00833518236549426;-0,5156;"Strong negative corelation"
"256";"KONTROLA";"hsCRP   LEU";"SPEARMAN";0,0350910111033194;0,4254;"Medium positive corelation"
"257";"KONTROLA";"ERY   PLT";"SPEARMAN";0,0225324670621139;0,4543;"Medium positive corelation"
"258";"KONTROLA";"ERY   HGB";"SPEARMAN";0,0189203505726709;0,4659;"Medium positive corelation"
"259";"KONTROLA";"ERY   HCT";"SPEARMAN";0,000191622089933282;0,6787;"Strong positive corelation"
"260";"KONTROLA";"ERY   MCHC";"SPEARMAN";0,00907403764088521;-0,5108;"Strong negative corelation"
"261";"KONTROLA";"HGB   HCT";"SPEARMAN";1,10141990835553e-10;0,9175;"Very strong positive corelation"
"262";"KONTROLA";"wiek   ERY";"SPEARMAN";0,00333238139817019;0,5638;"Strong positive corelation"
"263";"KONTROLA";"wiek   MCHC";"SPEARMAN";0,0426635262753834;-0,4084;"Middle negative corelation"
"264";"KONTROLA";"wiek   LEU";"SPEARMAN";0,00833518236549426;-0,5156;"Strong negative corelation"
"265";"KONTROLA";"hsCRP   LEU";"SPEARMAN";0,0350910111033194;0,4254;"Medium positive corelation"
"266";"KONTROLA";"ERY   PLT";"SPEARMAN";0,0225324670621139;0,4543;"Medium positive corelation"
"267";"KONTROLA";"ERY   HGB";"SPEARMAN";0,0189203505726709;0,4659;"Medium positive corelation"
"268";"KONTROLA";"ERY   HCT";"SPEARMAN";0,000191622089933282;0,6787;"Strong positive corelation"
"269";"KONTROLA";"ERY   MCHC";"SPEARMAN";0,00907403764088521;-0,5108;"Strong negative corelation"
"270";"KONTROLA";"HGB   HCT";"SPEARMAN";1,10141990835553e-10;0,9175;"Very strong positive corelation"
"271";"KONTROLA";"wiek   ERY";"SPEARMAN";0,00333238139817019;0,5638;"Strong positive corelation"
"272";"KONTROLA";"wiek   MCHC";"SPEARMAN";0,0426635262753834;-0,4084;"Middle negative corelation"
"273";"KONTROLA";"wiek   LEU";"SPEARMAN";0,00833518236549426;-0,5156;"Strong negative corelation"
"274";"KONTROLA";"hsCRP   LEU";"SPEARMAN";0,0350910111033194;0,4254;"Medium positive corelation"
"275";"KONTROLA";"ERY   PLT";"SPEARMAN";0,0225324670621139;0,4543;"Medium positive corelation"
"276";"KONTROLA";"ERY   HGB";"SPEARMAN";0,0189203505726709;0,4659;"Medium positive corelation"
"277";"KONTROLA";"ERY   HCT";"SPEARMAN";0,000191622089933282;0,6787;"Strong positive corelation"
"278";"KONTROLA";"ERY   MCHC";"SPEARMAN";0,00907403764088521;-0,5108;"Strong negative corelation"
"279";"KONTROLA";"HGB   HCT";"SPEARMAN";1,10141990835553e-10;0,9175;"Very strong positive corelation"
"280";"KONTROLA";"wiek   ERY";"SPEARMAN";0,00333238139817019;0,5638;"Strong positive corelation"
"281";"KONTROLA";"wiek   MCHC";"SPEARMAN";0,0426635262753834;-0,4084;"Middle negative corelation"
"282";"KONTROLA";"wiek   LEU";"SPEARMAN";0,00833518236549426;-0,5156;"Strong negative corelation"
"283";"KONTROLA";"hsCRP   LEU";"SPEARMAN";0,0350910111033194;0,4254;"Medium positive corelation"
"284";"KONTROLA";"ERY   PLT";"SPEARMAN";0,0225324670621139;0,4543;"Medium positive corelation"
"285";"KONTROLA";"ERY   HGB";"SPEARMAN";0,0189203505726709;0,4659;"Medium positive corelation"
"286";"KONTROLA";"ERY   HCT";"SPEARMAN";0,000191622089933282;0,6787;"Strong positive corelation"
"287";"KONTROLA";"ERY   MCHC";"SPEARMAN";0,00907403764088521;-0,5108;"Strong negative corelation"
"288";"KONTROLA";"HGB   HCT";"SPEARMAN";1,10141990835553e-10;0,9175;"Very strong positive corelation"
"289";"KONTROLA";"wiek   ERY";"SPEARMAN";0,00333238139817019;0,5638;"Strong positive corelation"
"290";"KONTROLA";"wiek   MCHC";"SPEARMAN";0,0426635262753834;-0,4084;"Middle negative corelation"
"291";"KONTROLA";"wiek   LEU";"SPEARMAN";0,00833518236549426;-0,5156;"Strong negative corelation"
"292";"KONTROLA";"hsCRP   LEU";"SPEARMAN";0,0350910111033194;0,4254;"Medium positive corelation"
"293";"KONTROLA";"ERY   PLT";"SPEARMAN";0,0225324670621139;0,4543;"Medium positive corelation"
"294";"KONTROLA";"ERY   HGB";"SPEARMAN";0,0189203505726709;0,4659;"Medium positive corelation"
"295";"KONTROLA";"ERY   HCT";"SPEARMAN";0,000191622089933282;0,6787;"Strong positive corelation"
"296";"KONTROLA";"ERY   MCHC";"SPEARMAN";0,00907403764088521;-0,5108;"Strong negative corelation"
"297";"KONTROLA";"HGB   HCT";"SPEARMAN";1,10141990835553e-10;0,9175;"Very strong positive corelation"
"298";"KONTROLA";"wiek   ERY";"SPEARMAN";0,00333238139817019;0,5638;"Strong positive corelation"
"299";"KONTROLA";"wiek   MCHC";"SPEARMAN";0,0426635262753834;-0,4084;"Middle negative corelation"
"300";"KONTROLA";"wiek   LEU";"SPEARMAN";0,00833518236549426;-0,5156;"Strong negative corelation"
"301";"KONTROLA";"hsCRP   LEU";"SPEARMAN";0,0350910111033194;0,4254;"Medium positive corelation"
"302";"KONTROLA";"ERY   PLT";"SPEARMAN";0,0225324670621139;0,4543;"Medium positive corelation"
"303";"KONTROLA";"ERY   HGB";"SPEARMAN";0,0189203505726709;0,4659;"Medium positive corelation"
"304";"KONTROLA";"ERY   HCT";"SPEARMAN";0,000191622089933282;0,6787;"Strong positive corelation"
"305";"KONTROLA";"ERY   MCHC";"SPEARMAN";0,00907403764088521;-0,5108;"Strong negative corelation"
"306";"KONTROLA";"HGB   HCT";"SPEARMAN";1,10141990835553e-10;0,9175;"Very strong positive corelation"
"307";"KONTROLA";"wiek   ERY";"SPEARMAN";0,00333238139817019;0,5638;"Strong positive corelation"
"308";"KONTROLA";"wiek   MCHC";"SPEARMAN";0,0426635262753834;-0,4084;"Middle negative corelation"
"309";"KONTROLA";"wiek   LEU";"SPEARMAN";0,00833518236549426;-0,5156;"Strong negative corelation"
"310";"KONTROLA";"hsCRP   LEU";"SPEARMAN";0,0350910111033194;0,4254;"Medium positive corelation"
"311";"KONTROLA";"ERY   PLT";"SPEARMAN";0,0225324670621139;0,4543;"Medium positive corelation"
"312";"KONTROLA";"ERY   HGB";"SPEARMAN";0,0189203505726709;0,4659;"Medium positive corelation"
"313";"KONTROLA";"ERY   HCT";"SPEARMAN";0,000191622089933282;0,6787;"Strong positive corelation"
"314";"KONTROLA";"ERY   MCHC";"SPEARMAN";0,00907403764088521;-0,5108;"Strong negative corelation"
"315";"KONTROLA";"HGB   HCT";"SPEARMAN";1,10141990835553e-10;0,9175;"Very strong positive corelation"
"316";"KONTROLA";"wiek   ERY";"SPEARMAN";0,00333238139817019;0,5638;"Strong positive corelation"
"317";"KONTROLA";"wiek   MCHC";"SPEARMAN";0,0426635262753834;-0,4084;"Middle negative corelation"
"318";"KONTROLA";"wiek   LEU";"SPEARMAN";0,00833518236549426;-0,5156;"Strong negative corelation"
"319";"KONTROLA";"hsCRP   LEU";"SPEARMAN";0,0350910111033194;0,4254;"Medium positive corelation"
"320";"KONTROLA";"ERY   PLT";"SPEARMAN";0,0225324670621139;0,4543;"Medium positive corelation"
"321";"KONTROLA";"ERY   HGB";"SPEARMAN";0,0189203505726709;0,4659;"Medium positive corelation"
"322";"KONTROLA";"ERY   HCT";"SPEARMAN";0,000191622089933282;0,6787;"Strong positive corelation"
"323";"KONTROLA";"ERY   MCHC";"SPEARMAN";0,00907403764088521;-0,5108;"Strong negative corelation"
"324";"KONTROLA";"HGB   HCT";"SPEARMAN";1,10141990835553e-10;0,9175;"Very strong positive corelation"
"325";"KONTROLA";"wiek   ERY";"SPEARMAN";0,00333238139817019;0,5638;"Strong positive corelation"
"326";"KONTROLA";"wiek   MCHC";"SPEARMAN";0,0426635262753834;-0,4084;"Middle negative corelation"
"327";"KONTROLA";"wiek   LEU";"SPEARMAN";0,00833518236549426;-0,5156;"Strong negative corelation"
"328";"KONTROLA";"hsCRP   LEU";"SPEARMAN";0,0350910111033194;0,4254;"Medium positive corelation"
"329";"KONTROLA";"ERY   PLT";"SPEARMAN";0,0225324670621139;0,4543;"Medium positive corelation"
"330";"KONTROLA";"ERY   HGB";"SPEARMAN";0,0189203505726709;0,4659;"Medium positive corelation"
"331";"KONTROLA";"ERY   HCT";"SPEARMAN";0,000191622089933282;0,6787;"Strong positive corelation"
"332";"KONTROLA";"ERY   MCHC";"SPEARMAN";0,00907403764088521;-0,5108;"Strong negative corelation"
"333";"KONTROLA";"HGB   HCT";"SPEARMAN";1,10141990835553e-10;0,9175;"Very strong positive corelation"
"334";"KONTROLA";"wiek   ERY";"SPEARMAN";0,00333238139817019;0,5638;"Strong positive corelation"
"335";"KONTROLA";"wiek   MCHC";"SPEARMAN";0,0426635262753834;-0,4084;"Middle negative corelation"
"336";"KONTROLA";"wiek   LEU";"SPEARMAN";0,00833518236549426;-0,5156;"Strong negative corelation"
"337";"KONTROLA";"hsCRP   LEU";"SPEARMAN";0,0350910111033194;0,4254;"Medium positive corelation"
"338";"KONTROLA";"ERY   PLT";"SPEARMAN";0,0225324670621139;0,4543;"Medium positive corelation"
"339";"KONTROLA";"ERY   HGB";"SPEARMAN";0,0189203505726709;0,4659;"Medium positive corelation"
"340";"KONTROLA";"ERY   HCT";"SPEARMAN";0,000191622089933282;0,6787;"Strong positive corelation"
"341";"KONTROLA";"ERY   MCHC";"SPEARMAN";0,00907403764088521;-0,5108;"Strong negative corelation"
"342";"KONTROLA";"HGB   HCT";"SPEARMAN";1,10141990835553e-10;0,9175;"Very strong positive corelation"
"343";"KONTROLA";"wiek   ERY";"SPEARMAN";0,00333238139817019;0,5638;"Strong positive corelation"
"344";"KONTROLA";"wiek   MCHC";"SPEARMAN";0,0426635262753834;-0,4084;"Middle negative corelation"
"345";"KONTROLA";"wiek   LEU";"SPEARMAN";0,00833518236549426;-0,5156;"Strong negative corelation"
"346";"KONTROLA";"hsCRP   LEU";"SPEARMAN";0,0350910111033194;0,4254;"Medium positive corelation"
"347";"KONTROLA";"ERY   PLT";"SPEARMAN";0,0225324670621139;0,4543;"Medium positive corelation"
"348";"KONTROLA";"ERY   HGB";"SPEARMAN";0,0189203505726709;0,4659;"Medium positive corelation"
"349";"KONTROLA";"ERY   HCT";"SPEARMAN";0,000191622089933282;0,6787;"Strong positive corelation"
"350";"KONTROLA";"ERY   MCHC";"SPEARMAN";0,00907403764088521;-0,5108;"Strong negative corelation"
"351";"KONTROLA";"HGB   HCT";"SPEARMAN";1,10141990835553e-10;0,9175;"Very strong positive corelation"
"352";"KONTROLA";"wiek   ERY";"SPEARMAN";0,00333238139817019;0,5638;"Strong positive corelation"
"353";"KONTROLA";"wiek   MCHC";"SPEARMAN";0,0426635262753834;-0,4084;"Middle negative corelation"
"354";"KONTROLA";"wiek   LEU";"SPEARMAN";0,00833518236549426;-0,5156;"Strong negative corelation"
"355";"KONTROLA";"hsCRP   LEU";"SPEARMAN";0,0350910111033194;0,4254;"Medium positive corelation"
"356";"KONTROLA";"ERY   PLT";"SPEARMAN";0,0225324670621139;0,4543;"Medium positive corelation"
"357";"KONTROLA";"ERY   HGB";"SPEARMAN";0,0189203505726709;0,4659;"Medium positive corelation"
"358";"KONTROLA";"ERY   HCT";"SPEARMAN";0,000191622089933282;0,6787;"Strong positive corelation"
"359";"KONTROLA";"ERY   MCHC";"SPEARMAN";0,00907403764088521;-0,5108;"Strong negative corelation"
"360";"KONTROLA";"HGB   HCT";"SPEARMAN";1,10141990835553e-10;0,9175;"Very strong positive corelation"
"361";"KONTROLA";"wiek   ERY";"SPEARMAN";0,00333238139817019;0,5638;"Strong positive corelation"
"362";"KONTROLA";"wiek   MCHC";"SPEARMAN";0,0426635262753834;-0,4084;"Middle negative corelation"
"363";"KONTROLA";"wiek   LEU";"SPEARMAN";0,00833518236549426;-0,5156;"Strong negative corelation"
"364";"KONTROLA";"hsCRP   LEU";"SPEARMAN";0,0350910111033194;0,4254;"Medium positive corelation"
"365";"KONTROLA";"ERY   PLT";"SPEARMAN";0,0225324670621139;0,4543;"Medium positive corelation"
"366";"KONTROLA";"ERY   HGB";"SPEARMAN";0,0189203505726709;0,4659;"Medium positive corelation"
"367";"KONTROLA";"ERY   HCT";"SPEARMAN";0,000191622089933282;0,6787;"Strong positive corelation"
"368";"KONTROLA";"ERY   MCHC";"SPEARMAN";0,00907403764088521;-0,5108;"Strong negative corelation"
"369";"KONTROLA";"HGB   HCT";"SPEARMAN";1,10141990835553e-10;0,9175;"Very strong positive corelation"
"370";"KONTROLA";"wiek   ERY";"SPEARMAN";0,00333238139817019;0,5638;"Strong positive corelation"
"371";"KONTROLA";"wiek   MCHC";"SPEARMAN";0,0426635262753834;-0,4084;"Middle negative corelation"
"372";"KONTROLA";"wiek   LEU";"SPEARMAN";0,00833518236549426;-0,5156;"Strong negative corelation"
"373";"KONTROLA";"hsCRP   LEU";"SPEARMAN";0,0350910111033194;0,4254;"Medium positive corelation"
"374";"KONTROLA";"ERY   PLT";"SPEARMAN";0,0225324670621139;0,4543;"Medium positive corelation"
"375";"KONTROLA";"ERY   HGB";"SPEARMAN";0,0189203505726709;0,4659;"Medium positive corelation"
"376";"KONTROLA";"ERY   HCT";"SPEARMAN";0,000191622089933282;0,6787;"Strong positive corelation"
"377";"KONTROLA";"ERY   MCHC";"SPEARMAN";0,00907403764088521;-0,5108;"Strong negative corelation"
"378";"KONTROLA";"HGB   HCT";"SPEARMAN";1,10141990835553e-10;0,9175;"Very strong positive corelation"
"379";"KONTROLA";"wiek   ERY";"SPEARMAN";0,00333238139817019;0,5638;"Strong positive corelation"
"380";"KONTROLA";"wiek   MCHC";"SPEARMAN";0,0426635262753834;-0,4084;"Middle negative corelation"
"381";"KONTROLA";"wiek   LEU";"SPEARMAN";0,00833518236549426;-0,5156;"Strong negative corelation"
"382";"KONTROLA";"hsCRP   LEU";"SPEARMAN";0,0350910111033194;0,4254;"Medium positive corelation"
"383";"KONTROLA";"ERY   PLT";"SPEARMAN";0,0225324670621139;0,4543;"Medium positive corelation"
"384";"KONTROLA";"ERY   HGB";"SPEARMAN";0,0189203505726709;0,4659;"Medium positive corelation"
"385";"KONTROLA";"ERY   HCT";"SPEARMAN";0,000191622089933282;0,6787;"Strong positive corelation"
"386";"KONTROLA";"ERY   MCHC";"SPEARMAN";0,00907403764088521;-0,5108;"Strong negative corelation"
"387";"KONTROLA";"HGB   HCT";"SPEARMAN";1,10141990835553e-10;0,9175;"Very strong positive corelation"
"388";"KONTROLA";"wiek   ERY";"SPEARMAN";0,00333238139817019;0,5638;"Strong positive corelation"
"389";"KONTROLA";"wiek   MCHC";"SPEARMAN";0,0426635262753834;-0,4084;"Middle negative corelation"
"390";"KONTROLA";"wiek   LEU";"SPEARMAN";0,00833518236549426;-0,5156;"Strong negative corelation"
"391";"KONTROLA";"hsCRP   LEU";"SPEARMAN";0,0350910111033194;0,4254;"Medium positive corelation"
"392";"KONTROLA";"ERY   PLT";"SPEARMAN";0,0225324670621139;0,4543;"Medium positive corelation"
"393";"KONTROLA";"ERY   HGB";"SPEARMAN";0,0189203505726709;0,4659;"Medium positive corelation"
"394";"KONTROLA";"ERY   HCT";"SPEARMAN";0,000191622089933282;0,6787;"Strong positive corelation"
"395";"KONTROLA";"ERY   MCHC";"SPEARMAN";0,00907403764088521;-0,5108;"Strong negative corelation"
"396";"KONTROLA";"HGB   HCT";"SPEARMAN";1,10141990835553e-10;0,9175;"Very strong positive corelation"
"397";"KONTROLA";"wiek   ERY";"SPEARMAN";0,00333238139817019;0,5638;"Strong positive corelation"
"398";"KONTROLA";"wiek   MCHC";"SPEARMAN";0,0426635262753834;-0,4084;"Middle negative corelation"
"399";"KONTROLA";"wiek   LEU";"SPEARMAN";0,00833518236549426;-0,5156;"Strong negative corelation"
"400";"KONTROLA";"hsCRP   LEU";"SPEARMAN";0,0350910111033194;0,4254;"Medium positive corelation"
"401";"KONTROLA";"ERY   PLT";"SPEARMAN";0,0225324670621139;0,4543;"Medium positive corelation"
"402";"KONTROLA";"ERY   HGB";"SPEARMAN";0,0189203505726709;0,4659;"Medium positive corelation"
"403";"KONTROLA";"ERY   HCT";"SPEARMAN";0,000191622089933282;0,6787;"Strong positive corelation"
"404";"KONTROLA";"ERY   MCHC";"SPEARMAN";0,00907403764088521;-0,5108;"Strong negative corelation"
"405";"KONTROLA";"HGB   HCT";"SPEARMAN";1,10141990835553e-10;0,9175;"Very strong positive corelation"
"406";"KONTROLA";"wiek   ERY";"SPEARMAN";0,00333238139817019;0,5638;"Strong positive corelation"
"407";"KONTROLA";"wiek   MCHC";"SPEARMAN";0,0426635262753834;-0,4084;"Middle negative corelation"
"408";"KONTROLA";"wiek   LEU";"SPEARMAN";0,00833518236549426;-0,5156;"Strong negative corelation"
"409";"KONTROLA";"hsCRP   LEU";"SPEARMAN";0,0350910111033194;0,4254;"Medium positive corelation"
"410";"KONTROLA";"ERY   PLT";"SPEARMAN";0,0225324670621139;0,4543;"Medium positive corelation"
"411";"KONTROLA";"ERY   HGB";"SPEARMAN";0,0189203505726709;0,4659;"Medium positive corelation"
"412";"KONTROLA";"ERY   HCT";"SPEARMAN";0,000191622089933282;0,6787;"Strong positive corelation"
"413";"KONTROLA";"ERY   MCHC";"SPEARMAN";0,00907403764088521;-0,5108;"Strong negative corelation"
"414";"KONTROLA";"HGB   HCT";"SPEARMAN";1,10141990835553e-10;0,9175;"Very strong positive corelation"
"415";"KONTROLA";"wiek   ERY";"SPEARMAN";0,00333238139817019;0,5638;"Strong positive corelation"
"416";"KONTROLA";"wiek   MCHC";"SPEARMAN";0,0426635262753834;-0,4084;"Middle negative corelation"
"417";"KONTROLA";"wiek   LEU";"SPEARMAN";0,00833518236549426;-0,5156;"Strong negative corelation"
"418";"KONTROLA";"hsCRP   LEU";"SPEARMAN";0,0350910111033194;0,4254;"Medium positive corelation"
"419";"KONTROLA";"ERY   PLT";"SPEARMAN";0,0225324670621139;0,4543;"Medium positive corelation"
"420";"KONTROLA";"ERY   HGB";"SPEARMAN";0,0189203505726709;0,4659;"Medium positive corelation"
"421";"KONTROLA";"ERY   HCT";"SPEARMAN";0,000191622089933282;0,6787;"Strong positive corelation"
"422";"KONTROLA";"ERY   MCHC";"SPEARMAN";0,00907403764088521;-0,5108;"Strong negative corelation"
"423";"KONTROLA";"HGB   HCT";"SPEARMAN";1,10141990835553e-10;0,9175;"Very strong positive corelation"
"424";"KONTROLA";"wiek   ERY";"SPEARMAN";0,00333238139817019;0,5638;"Strong positive corelation"
"425";"KONTROLA";"wiek   MCHC";"SPEARMAN";0,0426635262753834;-0,4084;"Middle negative corelation"
"426";"KONTROLA";"wiek   LEU";"SPEARMAN";0,00833518236549426;-0,5156;"Strong negative corelation"
"427";"KONTROLA";"hsCRP   LEU";"SPEARMAN";0,0350910111033194;0,4254;"Medium positive corelation"
"428";"KONTROLA";"ERY   PLT";"SPEARMAN";0,0225324670621139;0,4543;"Medium positive corelation"
"429";"KONTROLA";"ERY   HGB";"SPEARMAN";0,0189203505726709;0,4659;"Medium positive corelation"
"430";"KONTROLA";"ERY   HCT";"SPEARMAN";0,000191622089933282;0,6787;"Strong positive corelation"
"431";"KONTROLA";"ERY   MCHC";"SPEARMAN";0,00907403764088521;-0,5108;"Strong negative corelation"
"432";"KONTROLA";"HGB   HCT";"SPEARMAN";1,10141990835553e-10;0,9175;"Very strong positive corelation"
"433";"KONTROLA";"wiek   ERY";"SPEARMAN";0,00333238139817019;0,5638;"Strong positive corelation"
"434";"KONTROLA";"wiek   MCHC";"SPEARMAN";0,0426635262753834;-0,4084;"Middle negative corelation"
"435";"KONTROLA";"wiek   LEU";"SPEARMAN";0,00833518236549426;-0,5156;"Strong negative corelation"
"436";"KONTROLA";"hsCRP   LEU";"SPEARMAN";0,0350910111033194;0,4254;"Medium positive corelation"
"437";"KONTROLA";"ERY   PLT";"SPEARMAN";0,0225324670621139;0,4543;"Medium positive corelation"
"438";"KONTROLA";"ERY   HGB";"SPEARMAN";0,0189203505726709;0,4659;"Medium positive corelation"
"439";"KONTROLA";"ERY   HCT";"SPEARMAN";0,000191622089933282;0,6787;"Strong positive corelation"
"440";"KONTROLA";"ERY   MCHC";"SPEARMAN";0,00907403764088521;-0,5108;"Strong negative corelation"
"441";"KONTROLA";"HGB   HCT";"SPEARMAN";1,10141990835553e-10;0,9175;"Very strong positive corelation"
"442";"KONTROLA";"wiek   ERY";"SPEARMAN";0,00333238139817019;0,5638;"Strong positive corelation"
"443";"KONTROLA";"wiek   MCHC";"SPEARMAN";0,0426635262753834;-0,4084;"Middle negative corelation"
"444";"KONTROLA";"wiek   LEU";"SPEARMAN";0,00833518236549426;-0,5156;"Strong negative corelation"
"445";"KONTROLA";"hsCRP   LEU";"SPEARMAN";0,0350910111033194;0,4254;"Medium positive corelation"
"446";"KONTROLA";"ERY   PLT";"SPEARMAN";0,0225324670621139;0,4543;"Medium positive corelation"
"447";"KONTROLA";"ERY   HGB";"SPEARMAN";0,0189203505726709;0,4659;"Medium positive corelation"
"448";"KONTROLA";"ERY   HCT";"SPEARMAN";0,000191622089933282;0,6787;"Strong positive corelation"
"449";"KONTROLA";"ERY   MCHC";"SPEARMAN";0,00907403764088521;-0,5108;"Strong negative corelation"
"450";"KONTROLA";"HGB   HCT";"SPEARMAN";1,10141990835553e-10;0,9175;"Very strong positive corelation"
